Drivers, Profundidad, Ancho de palabra, Tiempo_promedio [ns], Ancho_de_banda [bits/s]
10,12,32,530,6.03774e+08
10,12,32,480,6.66667e+08
10,12,32,540,5.92593e+08
10,12,32,2945,1.08659e+08
10,12,32,3676,8.70511e+07
10,12,32,0,0
10,12,32,1748,1.83066e+08
10,12,32,940,3.40426e+08
10,12,32,0,0
10,12,32,0,0
10,8,32,410,7.80488e+08
10,8,32,923,3.46696e+08
10,8,32,460,6.95652e+08
10,8,32,3435,9.31587e+07
10,8,32,3809,8.40116e+07
10,8,32,0,0
10,8,32,380,8.42105e+08
10,8,32,500,6.4e+08
10,8,32,425,7.52941e+08
10,8,32,0,0
2,16,32,390,8.20513e+08
2,16,32,800,4e+08
2,16,32,500,6.4e+08
2,16,32,986,3.24544e+08
2,16,32,1100,2.90909e+08
2,16,32,0,0
2,16,32,0,0
2,16,32,635,5.03937e+08
2,16,32,533,6.00375e+08
2,16,32,0,0
15,1,32,580,5.51724e+08
15,1,32,540,5.92593e+08
15,1,32,630,5.07937e+08
15,1,32,3122,1.02498e+08
15,1,32,3066,1.04371e+08
15,1,32,0,0
15,1,32,570,5.61404e+08
15,1,32,0,0
15,1,32,660,4.84848e+08
15,1,32,0,0
4,15,32,390,8.20513e+08
4,15,32,1084,2.95203e+08
4,15,32,0,0
4,15,32,1047,3.05635e+08
4,15,32,1520,2.10526e+08
4,15,32,0,0
4,15,32,1320,2.42424e+08
4,15,32,1291,2.4787e+08
4,15,32,450,7.11111e+08
4,15,32,0,0
4,15,32,440,7.27273e+08
4,15,32,1186,2.69815e+08
4,15,32,380,8.42105e+08
4,15,32,1688,1.89573e+08
4,15,32,1280,2.5e+08
4,15,32,0,0
4,15,32,430,7.44186e+08
4,15,32,585,5.47009e+08
4,15,32,615,5.20325e+08
4,15,32,0,0
3,6,32,390,8.20513e+08
3,6,32,666,4.8048e+08
3,6,32,570,5.61404e+08
3,6,32,720,4.44444e+08
3,6,32,920,3.47826e+08
3,6,32,0,0
3,6,32,0,0
3,6,32,673,4.75483e+08
3,6,32,660,4.84848e+08
3,6,32,0,0
16,16,32,510,6.27451e+08
16,16,32,2194,1.45852e+08
16,16,32,720,4.44444e+08
16,16,32,4628,6.91443e+07
16,16,32,6077,5.26576e+07
16,16,32,0,0
16,16,32,1495,2.14047e+08
16,16,32,1090,2.93578e+08
16,16,32,490,6.53061e+08
16,16,32,0,0
9,8,32,390,8.20513e+08
9,8,32,540,5.92593e+08
9,8,32,610,5.2459e+08
9,8,32,3141,1.01878e+08
9,8,32,3417,9.36494e+07
9,8,32,0,0
9,8,32,1455,2.19931e+08
9,8,32,0,0
9,8,32,410,7.80488e+08
9,8,32,0,0
6,7,32,390,8.20513e+08
6,7,32,1000,3.2e+08
6,7,32,570,5.61404e+08
6,7,32,2182,1.46654e+08
6,7,32,2036,1.57171e+08
6,7,32,0,0
6,7,32,1018,3.14342e+08
6,7,32,870,3.67816e+08
6,7,32,400,8e+08
6,7,32,0,0

9,4,32,400,8e+08
9,4,32,610,5.2459e+08
9,4,32,430,7.44186e+08
9,4,32,3561,8.98624e+07
9,4,32,1820,1.75824e+08
9,4,32,0,0
9,4,32,590,5.42373e+08
9,4,32,0,0
9,4,32,530,6.03774e+08
9,4,32,0,0
6,12,32,410,7.80488e+08
6,12,32,1192,2.68456e+08
6,12,32,440,7.27273e+08
6,12,32,0,0
6,12,32,2540,1.25984e+08
6,12,32,0,0
6,12,32,906,3.53201e+08
6,12,32,750,4.26667e+08
6,12,32,865,3.69942e+08
6,12,32,0,0
11,10,32,430,7.44186e+08
11,10,32,796,4.0201e+08
11,10,32,665,4.81203e+08
11,10,32,0,0
11,10,32,4245,7.53828e+07
11,10,32,0,0
11,10,32,605,5.28926e+08
11,10,32,600,5.33333e+08
11,10,32,966,3.31263e+08
11,10,32,0,0
16,9,32,580,5.51724e+08
16,9,32,1470,2.17687e+08
16,9,32,685,4.67153e+08
16,9,32,4391,7.28763e+07
16,9,32,6242,5.12656e+07
16,9,32,0,0
16,9,32,610,5.2459e+08
16,9,32,0,0
16,9,32,690,4.63768e+08
16,9,32,0,0
16,14,32,620,5.16129e+08
16,14,32,735,4.35374e+08
16,14,32,813,3.93604e+08
16,14,32,2280,1.40351e+08
16,14,32,6313,5.06891e+07
16,14,32,0,0
16,14,32,680,4.70588e+08
16,14,32,1170,2.73504e+08
16,14,32,685,4.67153e+08
16,14,32,0,0
5,14,32,0,0
5,14,32,1580,2.02532e+08
5,14,32,510,6.27451e+08
5,14,32,800,4e+08
5,14,32,1820,1.75824e+08
5,14,32,0,0
5,14,32,1060,3.01887e+08
5,14,32,1398,2.28898e+08
5,14,32,755,4.23841e+08
5,14,32,0,0
13,14,32,0,0
13,14,32,766,4.17755e+08
13,14,32,655,4.8855e+08
13,14,32,4497,7.11586e+07
13,14,32,4850,6.59794e+07
13,14,32,0,0
13,14,32,2221,1.44079e+08
13,14,32,760,4.21053e+08
13,14,32,430,7.44186e+08
13,14,32,0,0
13,8,32,460,6.95652e+08
13,8,32,1536,2.08333e+08
13,8,32,545,5.87156e+08
13,8,32,4301,7.44013e+07
13,8,32,4880,6.55738e+07
13,8,32,0,0
13,8,32,820,3.90244e+08
13,8,32,1136,2.8169e+08
13,8,32,590,5.42373e+08
13,8,32,0,0
7,9,32,510,6.27451e+08
7,9,32,1283,2.49415e+08
7,9,32,410,7.80488e+08
7,9,32,1989,1.60885e+08
7,9,32,2468,1.2966e+08
7,9,32,0,0
7,9,32,1436,2.22841e+08
7,9,32,650,4.92308e+08
7,9,32,776,4.12371e+08
7,9,32,0,0
14,10,32,0,0
14,10,32,1512,2.1164e+08
14,10,32,825,3.87879e+08
14,10,32,2872,1.11421e+08
14,10,32,5166,6.19435e+07
14,10,32,0,0
14,10,32,1816,1.76211e+08
14,10,32,1042,3.07102e+08
14,10,32,650,4.92308e+08
14,10,32,0,0
10,16,32,450,7.11111e+08
10,16,32,1246,2.56822e+08
10,16,32,710,4.50704e+08
10,16,32,3728,8.58369e+07
10,16,32,4022,7.95624e+07
10,16,32,0,0
10,16,32,2174,1.47194e+08
10,16,32,1465,2.1843e+08
10,16,32,1146,2.79232e+08
10,16,32,0,0
14,7,32,580,5.51724e+08
14,7,32,826,3.87409e+08
14,7,32,545,5.87156e+08
14,7,32,4132,7.74443e+07
14,7,32,5233,6.11504e+07
14,7,32,0,0
14,7,32,530,6.03774e+08
14,7,32,980,3.26531e+08
14,7,32,450,7.11111e+08
14,7,32,0,0
3,8,32,430,7.44186e+08
3,8,32,807,3.9653e+08
3,8,32,0,0
3,8,32,565,5.66372e+08
3,8,32,1460,2.19178e+08
3,8,32,0,0
3,8,32,740,4.32432e+08
3,8,32,730,4.38356e+08
3,8,32,430,7.44186e+08
3,8,32,0,0
10,11,32,450,7.11111e+08
10,11,32,1420,2.25352e+08
10,11,32,575,5.56522e+08
10,11,32,3264,9.80392e+07
10,11,32,3800,8.42105e+07
10,11,32,0,0
10,11,32,410,7.80488e+08
10,11,32,0,0
10,11,32,470,6.80851e+08
10,11,32,0,0
10,3,32,530,6.03774e+08
10,3,32,813,3.93604e+08
10,3,32,510,6.27451e+08
10,3,32,3977,8.04627e+07
10,3,32,2000,1.6e+08
10,3,32,0,0
10,3,32,440,7.27273e+08
10,3,32,645,4.96124e+08
10,3,32,530,6.03774e+08
10,3,32,0,0
3,9,32,430,7.44186e+08
3,9,32,1155,2.77056e+08
3,9,32,415,7.71084e+08
3,9,32,1677,1.90817e+08
3,9,32,1172,2.73038e+08
3,9,32,0,0
3,9,32,530,6.03774e+08
3,9,32,560,5.71429e+08
3,9,32,0,0
3,9,32,0,0
9,6,32,400,8e+08
9,6,32,680,4.70588e+08
9,6,32,580,5.51724e+08
9,6,32,3436,9.31315e+07
9,6,32,3215,9.95334e+07
9,6,32,0,0
9,6,32,1142,2.8021e+08
9,6,32,0,0
9,6,32,665,4.81203e+08
9,6,32,0,0
9,16,32,420,7.61905e+08
9,16,32,2348,1.36286e+08
9,16,32,590,5.42373e+08
9,16,32,2696,1.18694e+08
9,16,32,3524,9.08059e+07
9,16,32,0,0
9,16,32,1370,2.33577e+08
9,16,32,0,0
9,16,32,918,3.48584e+08
9,16,32,0,0
4,6,32,0,0
4,6,32,1137,2.81442e+08
4,6,32,625,5.12e+08
4,6,32,1838,1.74102e+08
4,6,32,1820,1.75824e+08
4,6,32,0,0
4,6,32,565,5.66372e+08
4,6,32,610,5.2459e+08
4,6,32,645,4.96124e+08
4,6,32,0,0
6,7,32,0,0
6,7,32,1304,2.45399e+08
6,7,32,560,5.71429e+08
6,7,32,2060,1.5534e+08
6,7,32,2441,1.31094e+08
6,7,32,0,0
6,7,32,1054,3.03605e+08
6,7,32,736,4.34783e+08
6,7,32,470,6.80851e+08
6,7,32,0,0
13,6,32,500,6.4e+08
13,6,32,726,4.40771e+08
13,6,32,480,6.66667e+08
13,6,32,3866,8.27729e+07
13,6,32,4829,6.62663e+07
13,6,32,0,0
13,6,32,860,3.72093e+08
13,6,32,0,0
13,6,32,735,4.35374e+08
13,6,32,0,0
14,15,32,390,8.20513e+08
14,15,32,1270,2.51969e+08
14,15,32,520,6.15385e+08
14,15,32,3220,9.93789e+07
14,15,32,5060,6.32411e+07
14,15,32,0,0
14,15,32,1727,1.85292e+08
14,15,32,1728,1.85185e+08
14,15,32,660,4.84848e+08
14,15,32,0,0
9,11,32,440,7.27273e+08
9,11,32,1392,2.29885e+08
9,11,32,546,5.86081e+08
9,11,32,2771,1.15482e+08
9,11,32,3282,9.75015e+07
9,11,32,0,0
9,11,32,1873,1.70849e+08
9,11,32,630,5.07937e+08
9,11,32,530,6.03774e+08
9,11,32,0,0
5,15,32,430,7.44186e+08
5,15,32,1608,1.99005e+08
5,15,32,610,5.2459e+08
5,15,32,1656,1.93237e+08
5,15,32,2020,1.58416e+08
5,15,32,0,0
5,15,32,925,3.45946e+08
5,15,32,900,3.55556e+08
5,15,32,1026,3.11891e+08
5,15,32,0,0
14,9,32,510,6.27451e+08
14,9,32,856,3.73832e+08
14,9,32,670,4.77612e+08
14,9,32,4595,6.96409e+07
14,9,32,5240,6.10687e+07
14,9,32,0,0
14,9,32,995,3.21608e+08
14,9,32,620,5.16129e+08
14,9,32,470,6.80851e+08
14,9,32,0,0
11,4,32,480,6.66667e+08
11,4,32,470,6.80851e+08
11,4,32,490,6.53061e+08
11,4,32,3130,1.02236e+08
11,4,32,2180,1.46789e+08
11,4,32,0,0
11,4,32,790,4.05063e+08
11,4,32,645,4.96124e+08
11,4,32,470,6.80851e+08
11,4,32,0,0
16,2,32,490,6.53061e+08
16,2,32,640,5e+08
16,2,32,730,4.38356e+08
16,2,32,5647,5.66673e+07
16,2,32,3080,1.03896e+08
16,2,32,0,0
16,2,32,580,5.51724e+08
16,2,32,0,0
16,2,32,510,6.27451e+08
16,2,32,0,0
13,7,32,490,6.53061e+08
13,7,32,675,4.74074e+08
13,7,32,850,3.76471e+08
13,7,32,4543,7.0438e+07
13,7,32,4790,6.68058e+07
13,7,32,0,0
13,7,32,1428,2.2409e+08
13,7,32,0,0
13,7,32,440,7.27273e+08
13,7,32,0,0
12,12,32,540,5.92593e+08
12,12,32,930,3.44086e+08
12,12,32,505,6.33663e+08
12,12,32,1846,1.73348e+08
12,12,32,4340,7.37327e+07
12,12,32,0,0
12,12,32,916,3.49345e+08
12,12,32,902,3.54767e+08
12,12,32,845,3.78698e+08
12,12,32,0,0
15,12,32,510,6.27451e+08
15,12,32,1616,1.9802e+08
15,12,32,590,5.42373e+08
15,12,32,2125,1.50588e+08
15,12,32,5857,5.46355e+07
15,12,32,0,0
15,12,32,695,4.60432e+08
15,12,32,635,5.03937e+08
15,12,32,625,5.12e+08
15,12,32,0,0
13,5,32,450,7.11111e+08
13,5,32,833,3.84154e+08
13,5,32,650,4.92308e+08
13,5,32,4633,6.90697e+07
13,5,32,4775,6.70157e+07
13,5,32,0,0
13,5,32,1142,2.8021e+08
13,5,32,0,0
13,5,32,0,0
13,5,32,0,0
12,16,32,460,6.95652e+08
12,16,32,480,6.66667e+08
12,16,32,625,5.12e+08
12,16,32,4303,7.43667e+07
12,16,32,4601,6.95501e+07
12,16,32,0,0
12,16,32,380,8.42105e+08
12,16,32,1421,2.25194e+08
12,16,32,933,3.4298e+08
12,16,32,0,0
4,12,32,0,0
4,12,32,1376,2.32558e+08
4,12,32,530,6.03774e+08
4,12,32,1615,1.98142e+08
4,12,32,1640,1.95122e+08
4,12,32,0,0
4,12,32,0,0
4,12,32,726,4.40771e+08
4,12,32,0,0
4,12,32,0,0
7,12,32,0,0
7,12,32,585,5.47009e+08
7,12,32,440,7.27273e+08
7,12,32,2851,1.12241e+08
7,12,32,2930,1.09215e+08
7,12,32,0,0
7,12,32,1436,2.22841e+08
7,12,32,645,4.96124e+08
7,12,32,510,6.27451e+08
7,12,32,0,0
9,13,32,390,8.20513e+08
9,13,32,1086,2.94659e+08
9,13,32,620,5.16129e+08
9,13,32,3353,9.54369e+07
9,13,32,3302,9.6911e+07
9,13,32,0,0
9,13,32,610,5.2459e+08
9,13,32,836,3.82775e+08
9,13,32,550,5.81818e+08
9,13,32,0,0
4,11,32,390,8.20513e+08
4,11,32,1013,3.15893e+08
4,11,32,370,8.64865e+08
4,11,32,1351,2.36862e+08
4,11,32,1665,1.92192e+08
4,11,32,0,0
4,11,32,1727,1.85292e+08
4,11,32,910,3.51648e+08
4,11,32,710,4.50704e+08
4,11,32,0,0
5,6,32,470,6.80851e+08
5,6,32,986,3.24544e+08
5,6,32,510,6.27451e+08
5,6,32,1876,1.70576e+08
5,6,32,1340,2.38806e+08
5,6,32,0,0
5,6,32,693,4.6176e+08
5,6,32,860,3.72093e+08
5,6,32,0,0
5,6,32,0,0
6,10,32,390,8.20513e+08
6,10,32,1578,2.02788e+08
6,10,32,475,6.73684e+08
6,10,32,2086,1.53404e+08
6,10,32,2504,1.27796e+08
6,10,32,0,0
6,10,32,1110,2.88288e+08
6,10,32,0,0
6,10,32,945,3.38624e+08
6,10,32,0,0
10,13,32,0,0
10,13,32,1941,1.64863e+08
10,13,32,390,8.20513e+08
10,13,32,3465,9.23521e+07
10,13,32,3760,8.51064e+07
10,13,32,0,0
10,13,32,813,3.93604e+08
10,13,32,1140,2.80702e+08
10,13,32,410,7.80488e+08
10,13,32,0,0
13,1,32,440,7.27273e+08
13,1,32,380,8.42105e+08
13,1,32,390,8.20513e+08
13,1,32,5940,5.38721e+07
13,1,32,2540,1.25984e+08
13,1,32,0,0
13,1,32,520,6.15385e+08
13,1,32,0,0
13,1,32,450,7.11111e+08
13,1,32,0,0
2,15,32,390,8.20513e+08
2,15,32,630,5.07937e+08
2,15,32,0,0
2,15,32,0,0
2,15,32,920,3.47826e+08
2,15,32,0,0
2,15,32,510,6.27451e+08
2,15,32,1040,3.07692e+08
2,15,32,750,4.26667e+08
2,15,32,0,0
4,4,32,450,7.11111e+08
4,4,32,900,3.55556e+08
4,4,32,480,6.66667e+08
4,4,32,0,0
4,4,32,920,3.47826e+08
4,4,32,0,0
4,4,32,736,4.34783e+08
4,4,32,575,5.56522e+08
4,4,32,410,7.80488e+08
4,4,32,0,0
14,16,32,440,7.27273e+08
14,16,32,1797,1.78075e+08
14,16,32,570,5.61404e+08
14,16,32,4857,6.58843e+07
14,16,32,5323,6.01165e+07
14,16,32,0,0
14,16,32,965,3.31606e+08
14,16,32,1162,2.75387e+08
14,16,32,450,7.11111e+08
14,16,32,0,0
2,1,32,0,0
2,1,32,0,0
2,1,32,380,8.42105e+08
2,1,32,2180,1.46789e+08
2,1,32,380,8.42105e+08
2,1,32,0,0
2,1,32,400,8e+08
2,1,32,0,0
2,1,32,0,0
2,1,32,0,0
3,11,32,0,0
3,11,32,730,4.38356e+08
3,11,32,466,6.86695e+08
3,11,32,1212,2.64026e+08
3,11,32,1190,2.68908e+08
3,11,32,0,0
3,11,32,710,4.50704e+08
3,11,32,1155,2.77056e+08
3,11,32,420,7.61905e+08
3,11,32,0,0
14,15,32,490,6.53061e+08
14,15,32,1116,2.86738e+08
14,15,32,840,3.80952e+08
14,15,32,4811,6.65142e+07
14,15,32,5489,5.82984e+07
14,15,32,0,0
14,15,32,1092,2.9304e+08
14,15,32,0,0
14,15,32,580,5.51724e+08
14,15,32,0,0
9,16,32,550,5.81818e+08
9,16,32,1480,2.16216e+08
9,16,32,616,5.19481e+08
9,16,32,3216,9.95025e+07
9,16,32,3372,9.48992e+07
9,16,32,0,0
9,16,32,953,3.35782e+08
9,16,32,1132,2.82686e+08
9,16,32,586,5.46075e+08
9,16,32,0,0
13,4,32,580,5.51724e+08
13,4,32,923,3.46696e+08
13,4,32,650,4.92308e+08
13,4,32,4671,6.85078e+07
13,4,32,2720,1.17647e+08
13,4,32,0,0
13,4,32,710,4.50704e+08
13,4,32,0,0
13,4,32,530,6.03774e+08
13,4,32,0,0
3,12,32,390,8.20513e+08
3,12,32,1157,2.76577e+08
3,12,32,435,7.35632e+08
3,12,32,1559,2.0526e+08
3,12,32,1460,2.19178e+08
3,12,32,0,0
3,12,32,390,8.20513e+08
3,12,32,730,4.38356e+08
3,12,32,400,8e+08
3,12,32,0,0
4,5,32,390,8.20513e+08
4,5,32,565,5.66372e+08
4,5,32,605,5.28926e+08
4,5,32,1406,2.27596e+08
4,5,32,1700,1.88235e+08
4,5,32,0,0
4,5,32,810,3.95062e+08
4,5,32,0,0
4,5,32,410,7.80488e+08
4,5,32,0,0
9,7,32,0,0
9,7,32,1130,2.83186e+08
9,7,32,470,6.80851e+08
9,7,32,1725,1.85507e+08
9,7,32,3902,8.20092e+07
9,7,32,0,0
9,7,32,1405,2.27758e+08
9,7,32,635,5.03937e+08
9,7,32,470,6.80851e+08
9,7,32,0,0
13,7,32,540,5.92593e+08
13,7,32,840,3.80952e+08
13,7,32,745,4.2953e+08
13,7,32,4067,7.86821e+07
13,7,32,4955,6.45812e+07
13,7,32,0,0
13,7,32,1228,2.60586e+08
13,7,32,975,3.28205e+08
13,7,32,635,5.03937e+08
13,7,32,0,0
13,11,32,430,7.44186e+08
13,11,32,1325,2.41509e+08
13,11,32,600,5.33333e+08
13,11,32,3933,8.13628e+07
13,11,32,4625,6.91892e+07
13,11,32,0,0
13,11,32,870,3.67816e+08
13,11,32,1371,2.33406e+08
13,11,32,1045,3.0622e+08
13,11,32,0,0
14,16,32,460,6.95652e+08
14,16,32,1360,2.35294e+08
14,16,32,740,4.32432e+08
14,16,32,1200,2.66667e+08
14,16,32,5240,6.10687e+07
14,16,32,0,0
14,16,32,1774,1.80383e+08
14,16,32,1448,2.20994e+08
14,16,32,907,3.52811e+08
14,16,32,0,0
10,3,32,430,7.44186e+08
10,3,32,780,4.10256e+08
10,3,32,675,4.74074e+08
10,3,32,2267,1.41156e+08
10,3,32,2020,1.58416e+08
10,3,32,0,0
10,3,32,660,4.84848e+08
10,3,32,450,7.11111e+08
10,3,32,490,6.53061e+08
10,3,32,0,0
10,4,32,510,6.27451e+08
10,4,32,430,7.44186e+08
10,4,32,745,4.2953e+08
10,4,32,4037,7.92668e+07
10,4,32,2000,1.6e+08
10,4,32,0,0
10,4,32,833,3.84154e+08
10,4,32,0,0
10,4,32,635,5.03937e+08
10,4,32,0,0
4,12,32,0,0
4,12,32,865,3.69942e+08
4,12,32,480,6.66667e+08
4,12,32,1405,2.27758e+08
4,12,32,1665,1.92192e+08
4,12,32,0,0
4,12,32,1224,2.61438e+08
4,12,32,1178,2.71647e+08
4,12,32,970,3.29897e+08
4,12,32,0,0
13,7,32,600,5.33333e+08
13,7,32,1366,2.34261e+08
13,7,32,790,4.05063e+08
13,7,32,4235,7.55608e+07
13,7,32,4743,6.74678e+07
13,7,32,0,0
13,7,32,1094,2.92505e+08
13,7,32,903,3.54374e+08
13,7,32,1010,3.16832e+08
13,7,32,0,0
15,3,32,440,7.27273e+08
15,3,32,830,3.85542e+08
15,3,32,740,4.32432e+08
15,3,32,4328,7.39372e+07
15,3,32,2874,1.11343e+08
15,3,32,0,0
15,3,32,715,4.47552e+08
15,3,32,430,7.44186e+08
15,3,32,630,5.07937e+08
15,3,32,0,0
10,4,32,570,5.61404e+08
10,4,32,945,3.38624e+08
10,4,32,795,4.02516e+08
10,4,32,3708,8.62999e+07
10,4,32,2000,1.6e+08
10,4,32,0,0
10,4,32,750,4.26667e+08
10,4,32,0,0
10,4,32,510,6.27451e+08
10,4,32,0,0
3,11,32,420,7.61905e+08
3,11,32,986,3.24544e+08
3,11,32,575,5.56522e+08
3,11,32,0,0
3,11,32,1244,2.57235e+08
3,11,32,0,0
3,11,32,1092,2.9304e+08
3,11,32,736,4.34783e+08
3,11,32,740,4.32432e+08
3,11,32,0,0
9,8,32,420,7.61905e+08
9,8,32,1025,3.12195e+08
9,8,32,695,4.60432e+08
9,8,32,1261,2.53767e+08
9,8,32,3620,8.83978e+07
9,8,32,0,0
9,8,32,927,3.452e+08
9,8,32,907,3.52811e+08
9,8,32,470,6.80851e+08
9,8,32,0,0
2,13,32,0,0
2,13,32,890,3.59551e+08
2,13,32,380,8.42105e+08
2,13,32,740,4.32432e+08
2,13,32,380,8.42105e+08
2,13,32,0,0
2,13,32,535,5.98131e+08
2,13,32,700,4.57143e+08
2,13,32,390,8.20513e+08
2,13,32,0,0
2,10,32,410,7.80488e+08
2,10,32,685,4.67153e+08
2,10,32,400,8e+08
2,10,32,1178,2.71647e+08
2,10,32,1100,2.90909e+08
2,10,32,0,0
2,10,32,763,4.19397e+08
2,10,32,740,4.32432e+08
2,10,32,390,8.20513e+08
2,10,32,0,0
6,11,32,490,6.53061e+08
6,11,32,710,4.50704e+08
6,11,32,585,5.47009e+08
6,11,32,2238,1.42985e+08
6,11,32,2396,1.33556e+08
6,11,32,0,0
6,11,32,1288,2.48447e+08
6,11,32,920,3.47826e+08
6,11,32,450,7.11111e+08
6,11,32,0,0
15,6,32,480,6.66667e+08
15,6,32,500,6.4e+08
15,6,32,795,4.02516e+08
15,6,32,4228,7.56859e+07
15,6,32,5600,5.71429e+07
15,6,32,0,0
15,6,32,783,4.08685e+08
15,6,32,640,5e+08
15,6,32,885,3.61582e+08
15,6,32,0,0
16,10,32,440,7.27273e+08
16,10,32,1244,2.57235e+08
16,10,32,783,4.08685e+08
16,10,32,4890,6.54397e+07
16,10,32,5838,5.48133e+07
16,10,32,0,0
16,10,32,695,4.60432e+08
16,10,32,0,0
16,10,32,590,5.42373e+08
16,10,32,0,0
5,5,32,390,8.20513e+08
5,5,32,1123,2.84951e+08
5,5,32,585,5.47009e+08
5,5,32,2341,1.36694e+08
5,5,32,1820,1.75824e+08
5,5,32,0,0
5,5,32,926,3.45572e+08
5,5,32,0,0
5,5,32,470,6.80851e+08
5,5,32,0,0
2,7,32,410,7.80488e+08
2,7,32,680,4.70588e+08
2,7,32,490,6.53061e+08
2,7,32,983,3.25534e+08
2,7,32,1100,2.90909e+08
2,7,32,0,0
2,7,32,700,4.57143e+08
2,7,32,990,3.23232e+08
2,7,32,0,0
2,7,32,0,0
10,12,32,490,6.53061e+08
10,12,32,1052,3.04183e+08
10,12,32,480,6.66667e+08
10,12,32,4118,7.77076e+07
10,12,32,3687,8.67914e+07
10,12,32,0,0
10,12,32,1637,1.9548e+08
10,12,32,1148,2.78746e+08
10,12,32,1306,2.45023e+08
10,12,32,0,0
16,10,32,610,5.2459e+08
16,10,32,1687,1.89686e+08
16,10,32,695,4.60432e+08
16,10,32,1930,1.65803e+08
16,10,32,6177,5.18051e+07
16,10,32,0,0
16,10,32,1414,2.26308e+08
16,10,32,670,4.77612e+08
16,10,32,610,5.2459e+08
16,10,32,0,0
8,13,32,510,6.27451e+08
8,13,32,490,6.53061e+08
8,13,32,510,6.27451e+08
8,13,32,2724,1.17474e+08
8,13,32,3054,1.04781e+08
8,13,32,0,0
8,13,32,852,3.75587e+08
8,13,32,1036,3.0888e+08
8,13,32,540,5.92593e+08
8,13,32,0,0
5,11,32,420,7.61905e+08
5,11,32,1118,2.86225e+08
5,11,32,435,7.35632e+08
5,11,32,1669,1.91732e+08
5,11,32,1955,1.63683e+08
5,11,32,0,0
5,11,32,925,3.45946e+08
5,11,32,1271,2.5177e+08
5,11,32,630,5.07937e+08
5,11,32,0,0
14,15,32,440,7.27273e+08
14,15,32,1322,2.42057e+08
14,15,32,706,4.53258e+08
14,15,32,1834,1.74482e+08
14,15,32,5420,5.90406e+07
14,15,32,0,0
14,15,32,400,8e+08
14,15,32,796,4.0201e+08
14,15,32,860,3.72093e+08
14,15,32,0,0
9,16,32,0,0
9,16,32,955,3.35079e+08
9,16,32,685,4.67153e+08
9,16,32,2488,1.28617e+08
9,16,32,3428,9.33489e+07
9,16,32,0,0
9,16,32,560,5.71429e+08
9,16,32,915,3.49727e+08
9,16,32,1020,3.13725e+08
9,16,32,0,0
9,10,32,390,8.20513e+08
9,10,32,806,3.97022e+08
9,10,32,660,4.84848e+08
9,10,32,2345,1.36461e+08
9,10,32,3068,1.04302e+08
9,10,32,0,0
9,10,32,1008,3.1746e+08
9,10,32,962,3.3264e+08
9,10,32,470,6.80851e+08
9,10,32,0,0
15,11,32,530,6.03774e+08
15,11,32,1050,3.04762e+08
15,11,32,625,5.12e+08
15,11,32,1440,2.22222e+08
15,11,32,5553,5.76265e+07
15,11,32,0,0
15,11,32,450,7.11111e+08
15,11,32,730,4.38356e+08
15,11,32,630,5.07937e+08
15,11,32,0,0
5,1,32,0,0
5,1,32,400,8e+08
5,1,32,0,0
5,1,32,595,5.37815e+08
5,1,32,1100,2.90909e+08
5,1,32,0,0
5,1,32,410,7.80488e+08
5,1,32,0,0
5,1,32,410,7.80488e+08
5,1,32,0,0
7,15,32,0,0
7,15,32,1882,1.70032e+08
7,15,32,420,7.61905e+08
7,15,32,2837,1.12795e+08
7,15,32,2670,1.1985e+08
7,15,32,0,0
7,15,32,1537,2.08198e+08
7,15,32,1283,2.49415e+08
7,15,32,1115,2.86996e+08
7,15,32,0,0
14,2,32,500,6.4e+08
14,2,32,540,5.92593e+08
14,2,32,0,0
14,2,32,3010,1.06312e+08
14,2,32,2720,1.17647e+08
14,2,32,0,0
14,2,32,830,3.85542e+08
14,2,32,0,0
14,2,32,410,7.80488e+08
14,2,32,0,0
12,2,32,560,5.71429e+08
12,2,32,600,5.33333e+08
12,2,32,390,8.20513e+08
12,2,32,4410,7.25624e+07
12,2,32,2474,1.29345e+08
12,2,32,0,0
12,2,32,620,5.16129e+08
12,2,32,0,0
12,2,32,780,4.10256e+08
12,2,32,0,0
3,3,32,420,7.61905e+08
3,3,32,0,0
3,3,32,0,0
3,3,32,1154,2.77296e+08
3,3,32,920,3.47826e+08
3,3,32,0,0
3,3,32,0,0
3,3,32,570,5.61404e+08
3,3,32,410,7.80488e+08
3,3,32,0,0
10,14,32,540,5.92593e+08
10,14,32,1480,2.16216e+08
10,14,32,660,4.84848e+08
10,14,32,3240,9.87654e+07
10,14,32,3662,8.73839e+07
10,14,32,0,0
10,14,32,610,5.2459e+08
10,14,32,625,5.12e+08
10,14,32,390,8.20513e+08
10,14,32,0,0
6,8,32,440,7.27273e+08
6,8,32,1318,2.42792e+08
6,8,32,810,3.95062e+08
6,8,32,1984,1.6129e+08
6,8,32,2252,1.42096e+08
6,8,32,0,0
6,8,32,1336,2.39521e+08
6,8,32,852,3.75587e+08
6,8,32,420,7.61905e+08
6,8,32,0,0
2,6,32,390,8.20513e+08
2,6,32,0,0
2,6,32,0,0
2,6,32,998,3.20641e+08
2,6,32,920,3.47826e+08
2,6,32,0,0
2,6,32,380,8.42105e+08
2,6,32,575,5.56522e+08
2,6,32,420,7.61905e+08
2,6,32,0,0
3,3,32,390,8.20513e+08
3,3,32,0,0
3,3,32,525,6.09524e+08
3,3,32,2269,1.41031e+08
3,3,32,740,4.32432e+08
3,3,32,0,0
3,3,32,725,4.41379e+08
3,3,32,540,5.92593e+08
3,3,32,430,7.44186e+08
3,3,32,0,0
8,7,32,410,7.80488e+08
8,7,32,1255,2.5498e+08
8,7,32,615,5.20325e+08
8,7,32,1195,2.67782e+08
8,7,32,3066,1.04371e+08
8,7,32,0,0
8,7,32,520,6.15385e+08
8,7,32,925,3.45946e+08
8,7,32,695,4.60432e+08
8,7,32,0,0
5,11,32,460,6.95652e+08
5,11,32,1138,2.81195e+08
5,11,32,550,5.81818e+08
5,11,32,1916,1.67015e+08
5,11,32,1940,1.64948e+08
5,11,32,0,0
5,11,32,716,4.46927e+08
5,11,32,1216,2.63158e+08
5,11,32,410,7.80488e+08
5,11,32,0,0
7,10,32,0,0
7,10,32,990,3.23232e+08
7,10,32,610,5.2459e+08
7,10,32,2233,1.43305e+08
7,10,32,2540,1.25984e+08
7,10,32,0,0
7,10,32,945,3.38624e+08
7,10,32,655,4.8855e+08
7,10,32,705,4.53901e+08
7,10,32,0,0
12,2,32,600,5.33333e+08
12,2,32,450,7.11111e+08
12,2,32,0,0
12,2,32,2510,1.2749e+08
12,2,32,2474,1.29345e+08
12,2,32,0,0
12,2,32,420,7.61905e+08
12,2,32,850,3.76471e+08
12,2,32,0,0
12,2,32,0,0
16,13,32,420,7.61905e+08
16,13,32,1103,2.90118e+08
16,13,32,620,5.16129e+08
16,13,32,4264,7.50469e+07
16,13,32,6127,5.22278e+07
16,13,32,0,0
16,13,32,2433,1.31525e+08
16,13,32,1345,2.37918e+08
16,13,32,715,4.47552e+08
16,13,32,0,0
3,16,32,390,8.20513e+08
3,16,32,710,4.50704e+08
3,16,32,565,5.66372e+08
3,16,32,1210,2.64463e+08
3,16,32,920,3.47826e+08
3,16,32,0,0
3,16,32,676,4.73373e+08
3,16,32,1312,2.43902e+08
3,16,32,1050,3.04762e+08
3,16,32,0,0
4,2,32,390,8.20513e+08
4,2,32,410,7.80488e+08
4,2,32,400,8e+08
4,2,32,1977,1.61861e+08
4,2,32,920,3.47826e+08
4,2,32,0,0
4,2,32,380,8.42105e+08
4,2,32,585,5.47009e+08
4,2,32,420,7.61905e+08
4,2,32,0,0
10,3,32,410,7.80488e+08
10,3,32,400,8e+08
10,3,32,470,6.80851e+08
10,3,32,4032,7.93651e+07
10,3,32,2000,1.6e+08
10,3,32,0,0
10,3,32,635,5.03937e+08
10,3,32,665,4.81203e+08
10,3,32,0,0
10,3,32,0,0
3,10,32,0,0
3,10,32,390,8.20513e+08
3,10,32,570,5.61404e+08
3,10,32,1292,2.47678e+08
3,10,32,1460,2.19178e+08
3,10,32,0,0
3,10,32,1040,3.07692e+08
3,10,32,1173,2.72805e+08
3,10,32,873,3.66552e+08
3,10,32,0,0
4,14,32,440,7.27273e+08
4,14,32,380,8.42105e+08
4,14,32,430,7.44186e+08
4,14,32,1325,2.41509e+08
4,14,32,2090,1.5311e+08
4,14,32,0,0
4,14,32,590,5.42373e+08
4,14,32,1275,2.5098e+08
4,14,32,390,8.20513e+08
4,14,32,0,0
2,12,32,390,8.20513e+08
2,12,32,843,3.79597e+08
2,12,32,390,8.20513e+08
2,12,32,653,4.90046e+08
2,12,32,740,4.32432e+08
2,12,32,0,0
2,12,32,933,3.4298e+08
2,12,32,0,0
2,12,32,0,0
2,12,32,0,0
6,15,32,390,8.20513e+08
6,15,32,2206,1.45059e+08
6,15,32,585,5.47009e+08
6,15,32,1415,2.26148e+08
6,15,32,2576,1.24224e+08
6,15,32,0,0
6,15,32,1000,3.2e+08
6,15,32,1667,1.91962e+08
6,15,32,1154,2.77296e+08
6,15,32,0,0
9,2,32,520,6.15385e+08
9,2,32,545,5.87156e+08
9,2,32,510,6.27451e+08
9,2,32,2445,1.30879e+08
9,2,32,1910,1.67539e+08
9,2,32,0,0
9,2,32,670,4.77612e+08
9,2,32,0,0
9,2,32,510,6.27451e+08
9,2,32,0,0
7,13,32,0,0
7,13,32,1026,3.11891e+08
7,13,32,625,5.12e+08
7,13,32,2466,1.29765e+08
7,13,32,3050,1.04918e+08
7,13,32,0,0
7,13,32,783,4.08685e+08
7,13,32,1002,3.19361e+08
7,13,32,490,6.53061e+08
7,13,32,0,0
7,8,32,460,6.95652e+08
7,8,32,735,4.35374e+08
7,8,32,380,8.42105e+08
7,8,32,2571,1.24465e+08
7,8,32,2343,1.36577e+08
7,8,32,0,0
7,8,32,605,5.28926e+08
7,8,32,958,3.34029e+08
7,8,32,470,6.80851e+08
7,8,32,0,0
10,7,32,440,7.27273e+08
10,7,32,1210,2.64463e+08
10,7,32,705,4.53901e+08
10,7,32,3453,9.2673e+07
10,7,32,3680,8.69565e+07
10,7,32,0,0
10,7,32,1124,2.84698e+08
10,7,32,640,5e+08
10,7,32,826,3.87409e+08
10,7,32,0,0
5,1,32,460,6.95652e+08
5,1,32,440,7.27273e+08
5,1,32,380,8.42105e+08
5,1,32,0,0
5,1,32,1190,2.68908e+08
5,1,32,0,0
5,1,32,410,7.80488e+08
5,1,32,0,0
5,1,32,0,0
5,1,32,0,0
15,2,32,420,7.61905e+08
15,2,32,0,0
15,2,32,790,4.05063e+08
15,2,32,4714,6.78829e+07
15,2,32,3080,1.03896e+08
15,2,32,0,0
15,2,32,640,5e+08
15,2,32,0,0
15,2,32,430,7.44186e+08
15,2,32,0,0
7,2,32,420,7.61905e+08
7,2,32,410,7.80488e+08
7,2,32,400,8e+08
7,2,32,3896,8.21355e+07
7,2,32,1460,2.19178e+08
7,2,32,0,0
7,2,32,450,7.11111e+08
7,2,32,0,0
7,2,32,470,6.80851e+08
7,2,32,0,0
16,2,32,390,8.20513e+08
16,2,32,610,5.2459e+08
16,2,32,700,4.57143e+08
16,2,32,3665,8.73124e+07
16,2,32,3092,1.03493e+08
16,2,32,0,0
16,2,32,740,4.32432e+08
16,2,32,665,4.81203e+08
16,2,32,650,4.92308e+08
16,2,32,0,0
8,4,32,530,6.03774e+08
8,4,32,1015,3.15271e+08
8,4,32,655,4.8855e+08
8,4,32,3239,9.87959e+07
8,4,32,1511,2.1178e+08
8,4,32,0,0
8,4,32,1345,2.37918e+08
8,4,32,0,0
8,4,32,400,8e+08
8,4,32,0,0
15,15,32,520,6.15385e+08
15,15,32,1816,1.76211e+08
15,15,32,560,5.71429e+08
15,15,32,0,0
15,15,32,5664,5.64972e+07
15,15,32,0,0
15,15,32,2290,1.39738e+08
15,15,32,0,0
15,15,32,852,3.75587e+08
15,15,32,0,0
9,1,32,400,8e+08
9,1,32,420,7.61905e+08
9,1,32,490,6.53061e+08
9,1,32,1205,2.6556e+08
9,1,32,1820,1.75824e+08
9,1,32,0,0
9,1,32,410,7.80488e+08
9,1,32,0,0
9,1,32,550,5.81818e+08
9,1,32,0,0
3,6,32,390,8.20513e+08
3,6,32,380,8.42105e+08
3,6,32,390,8.20513e+08
3,6,32,1166,2.74443e+08
3,6,32,1280,2.5e+08
3,6,32,0,0
3,6,32,420,7.61905e+08
3,6,32,710,4.50704e+08
3,6,32,0,0
3,6,32,0,0
9,3,32,450,7.11111e+08
9,3,32,510,6.27451e+08
9,3,32,860,3.72093e+08
9,3,32,2388,1.34003e+08
9,3,32,1820,1.75824e+08
9,3,32,0,0
9,3,32,460,6.95652e+08
9,3,32,0,0
9,3,32,640,5e+08
9,3,32,0,0
5,5,32,460,6.95652e+08
5,5,32,520,6.15385e+08
5,5,32,590,5.42373e+08
5,5,32,1572,2.03562e+08
5,5,32,1955,1.63683e+08
5,5,32,0,0
5,5,32,570,5.61404e+08
5,5,32,380,8.42105e+08
5,5,32,480,6.66667e+08
5,5,32,0,0
6,11,32,480,6.66667e+08
6,11,32,1670,1.91617e+08
6,11,32,435,7.35632e+08
6,11,32,2485,1.28773e+08
6,11,32,2376,1.3468e+08
6,11,32,0,0
6,11,32,1708,1.87354e+08
6,11,32,690,4.63768e+08
6,11,32,620,5.16129e+08
6,11,32,0,0
11,16,32,440,7.27273e+08
11,16,32,925,3.45946e+08
11,16,32,656,4.87805e+08
11,16,32,3144,1.01781e+08
11,16,32,4160,7.69231e+07
11,16,32,0,0
11,16,32,660,4.84848e+08
11,16,32,680,4.70588e+08
11,16,32,675,4.74074e+08
11,16,32,0,0
3,16,32,390,8.20513e+08
3,16,32,673,4.75483e+08
3,16,32,535,5.98131e+08
3,16,32,1020,3.13725e+08
3,16,32,1820,1.75824e+08
3,16,32,0,0
3,16,32,958,3.34029e+08
3,16,32,580,5.51724e+08
3,16,32,560,5.71429e+08
3,16,32,0,0
2,4,32,390,8.20513e+08
2,4,32,400,8e+08
2,4,32,0,0
2,4,32,636,5.03145e+08
2,4,32,560,5.71429e+08
2,4,32,0,0
2,4,32,700,4.57143e+08
2,4,32,0,0
2,4,32,0,0
2,4,32,0,0
4,5,32,0,0
4,5,32,545,5.87156e+08
4,5,32,0,0
4,5,32,1467,2.18132e+08
4,5,32,1511,2.1178e+08
4,5,32,0,0
4,5,32,545,5.87156e+08
4,5,32,0,0
4,5,32,400,8e+08
4,5,32,0,0
3,7,32,0,0
3,7,32,0,0
3,7,32,415,7.71084e+08
3,7,32,1081,2.96022e+08
3,7,32,1220,2.62295e+08
3,7,32,0,0
3,7,32,480,6.66667e+08
3,7,32,380,8.42105e+08
3,7,32,400,8e+08
3,7,32,0,0
6,4,32,0,0
6,4,32,756,4.2328e+08
6,4,32,460,6.95652e+08
6,4,32,760,4.21053e+08
6,4,32,1100,2.90909e+08
6,4,32,0,0
6,4,32,570,5.61404e+08
6,4,32,640,5e+08
6,4,32,490,6.53061e+08
6,4,32,0,0
10,2,32,450,7.11111e+08
10,2,32,610,5.2459e+08
10,2,32,520,6.15385e+08
10,2,32,4151,7.70899e+07
10,2,32,2000,1.6e+08
10,2,32,0,0
10,2,32,690,4.63768e+08
10,2,32,590,5.42373e+08
10,2,32,390,8.20513e+08
10,2,32,0,0
7,4,32,400,8e+08
7,4,32,703,4.55192e+08
7,4,32,565,5.66372e+08
7,4,32,2904,1.10193e+08
7,4,32,1460,2.19178e+08
7,4,32,0,0
7,4,32,390,8.20513e+08
7,4,32,575,5.56522e+08
7,4,32,600,5.33333e+08
7,4,32,0,0
2,6,32,390,8.20513e+08
2,6,32,470,6.80851e+08
2,6,32,380,8.42105e+08
2,6,32,956,3.34728e+08
2,6,32,560,5.71429e+08
2,6,32,0,0
2,6,32,0,0
2,6,32,390,8.20513e+08
2,6,32,540,5.92593e+08
2,6,32,0,0
16,4,32,660,4.84848e+08
16,4,32,490,6.53061e+08
16,4,32,440,7.27273e+08
16,4,32,4311,7.42287e+07
16,4,32,3080,1.03896e+08
16,4,32,0,0
16,4,32,860,3.72093e+08
16,4,32,765,4.18301e+08
16,4,32,550,5.81818e+08
16,4,32,0,0
11,16,32,540,5.92593e+08
11,16,32,1338,2.39163e+08
11,16,32,565,5.66372e+08
11,16,32,2165,1.47806e+08
11,16,32,4117,7.77265e+07
11,16,32,0,0
11,16,32,2380,1.34454e+08
11,16,32,726,4.40771e+08
11,16,32,1035,3.09179e+08
11,16,32,0,0
14,6,32,440,7.27273e+08
14,6,32,843,3.79597e+08
14,6,32,460,6.95652e+08
14,6,32,3673,8.71222e+07
14,6,32,5340,5.99251e+07
14,6,32,0,0
14,6,32,1214,2.63591e+08
14,6,32,1055,3.03318e+08
14,6,32,410,7.80488e+08
14,6,32,0,0
7,12,32,460,6.95652e+08
7,12,32,770,4.15584e+08
7,12,32,445,7.19101e+08
7,12,32,2343,1.36577e+08
7,12,32,2870,1.11498e+08
7,12,32,0,0
7,12,32,1130,2.83186e+08
7,12,32,640,5e+08
7,12,32,995,3.21608e+08
7,12,32,0,0
11,7,32,390,8.20513e+08
11,7,32,1538,2.08062e+08
11,7,32,440,7.27273e+08
11,7,32,3472,9.21659e+07
11,7,32,3885,8.23681e+07
11,7,32,0,0
11,7,32,795,4.02516e+08
11,7,32,810,3.95062e+08
11,7,32,490,6.53061e+08
11,7,32,0,0
6,5,32,480,6.66667e+08
6,5,32,870,3.67816e+08
6,5,32,440,7.27273e+08
6,5,32,2488,1.28617e+08
6,5,32,2360,1.35593e+08
6,5,32,0,0
6,5,32,590,5.42373e+08
6,5,32,590,5.42373e+08
6,5,32,635,5.03937e+08
6,5,32,0,0
2,8,32,0,0
2,8,32,690,4.63768e+08
2,8,32,0,0
2,8,32,955,3.35079e+08
2,8,32,980,3.26531e+08
2,8,32,0,0
2,8,32,810,3.95062e+08
2,8,32,690,4.63768e+08
2,8,32,420,7.61905e+08
2,8,32,0,0
11,5,32,470,6.80851e+08
11,5,32,806,3.97022e+08
11,5,32,745,4.2953e+08
11,5,32,2065,1.54964e+08
11,5,32,3928,8.14664e+07
11,5,32,0,0
11,5,32,615,5.20325e+08
11,5,32,1017,3.14651e+08
11,5,32,470,6.80851e+08
11,5,32,0,0
2,4,32,390,8.20513e+08
2,4,32,0,0
2,4,32,0,0
2,4,32,420,7.61905e+08
2,4,32,380,8.42105e+08
2,4,32,0,0
2,4,32,650,4.92308e+08
2,4,32,0,0
2,4,32,0,0
2,4,32,0,0
6,2,32,470,6.80851e+08
6,2,32,420,7.61905e+08
6,2,32,555,5.76577e+08
6,2,32,2601,1.2303e+08
6,2,32,1244,2.57235e+08
6,2,32,0,0
6,2,32,390,8.20513e+08
6,2,32,610,5.2459e+08
6,2,32,450,7.11111e+08
6,2,32,0,0
9,14,32,400,8e+08
9,14,32,1761,1.81715e+08
9,14,32,500,6.4e+08
9,14,32,3213,9.95954e+07
9,14,32,3332,9.60384e+07
9,14,32,0,0
9,14,32,1300,2.46154e+08
9,14,32,0,0
9,14,32,950,3.36842e+08
9,14,32,0,0
4,9,32,390,8.20513e+08
4,9,32,420,7.61905e+08
4,9,32,380,8.42105e+08
4,9,32,1083,2.95476e+08
4,9,32,1388,2.30548e+08
4,9,32,0,0
4,9,32,540,5.92593e+08
4,9,32,930,3.44086e+08
4,9,32,760,4.21053e+08
4,9,32,0,0
5,6,32,470,6.80851e+08
5,6,32,766,4.17755e+08
5,6,32,0,0
5,6,32,1657,1.9312e+08
5,6,32,2020,1.58416e+08
5,6,32,0,0
5,6,32,1145,2.79476e+08
5,6,32,620,5.16129e+08
5,6,32,410,7.80488e+08
5,6,32,0,0
4,9,32,400,8e+08
4,9,32,810,3.95062e+08
4,9,32,490,6.53061e+08
4,9,32,1344,2.38095e+08
4,9,32,1880,1.70213e+08
4,9,32,0,0
4,9,32,550,5.81818e+08
4,9,32,726,4.40771e+08
4,9,32,1025,3.12195e+08
4,9,32,0,0
15,4,32,640,5e+08
15,4,32,680,4.70588e+08
15,4,32,500,6.4e+08
15,4,32,4929,6.49219e+07
15,4,32,2951,1.08438e+08
15,4,32,0,0
15,4,32,610,5.2459e+08
15,4,32,710,4.50704e+08
15,4,32,510,6.27451e+08
15,4,32,0,0
12,15,32,460,6.95652e+08
12,15,32,833,3.84154e+08
12,15,32,696,4.5977e+08
12,15,32,2003,1.5976e+08
12,15,32,4088,7.82779e+07
12,15,32,0,0
12,15,32,907,3.52811e+08
12,15,32,1273,2.51375e+08
12,15,32,725,4.41379e+08
12,15,32,0,0
8,13,32,400,8e+08
8,13,32,1805,1.77285e+08
8,13,32,660,4.84848e+08
8,13,32,2735,1.17002e+08
8,13,32,3164,1.01138e+08
8,13,32,0,0
8,13,32,693,4.6176e+08
8,13,32,635,5.03937e+08
8,13,32,606,5.28053e+08
8,13,32,0,0
16,16,32,630,5.07937e+08
16,16,32,1572,2.03562e+08
16,16,32,610,5.2459e+08
16,16,32,4709,6.7955e+07
16,16,32,6164,5.19143e+07
16,16,32,0,0
16,16,32,1955,1.63683e+08
16,16,32,630,5.07937e+08
16,16,32,650,4.92308e+08
16,16,32,0,0
4,9,32,400,8e+08
4,9,32,710,4.50704e+08
4,9,32,570,5.61404e+08
4,9,32,1256,2.54777e+08
4,9,32,1640,1.95122e+08
4,9,32,0,0
4,9,32,1282,2.4961e+08
4,9,32,1302,2.45776e+08
4,9,32,410,7.80488e+08
4,9,32,0,0
9,7,32,540,5.92593e+08
9,7,32,1120,2.85714e+08
9,7,32,440,7.27273e+08
9,7,32,3252,9.8401e+07
9,7,32,3380,9.46746e+07
9,7,32,0,0
9,7,32,400,8e+08
9,7,32,810,3.95062e+08
9,7,32,840,3.80952e+08
9,7,32,0,0
2,2,32,410,7.80488e+08
2,2,32,0,0
2,2,32,0,0
2,2,32,1980,1.61616e+08
2,2,32,380,8.42105e+08
2,2,32,0,0
2,2,32,380,8.42105e+08
2,2,32,0,0
2,2,32,0,0
2,2,32,0,0
8,2,32,480,6.66667e+08
8,2,32,620,5.16129e+08
8,2,32,380,8.42105e+08
8,2,32,3365,9.50966e+07
8,2,32,1640,1.95122e+08
8,2,32,0,0
8,2,32,470,6.80851e+08
8,2,32,0,0
8,2,32,390,8.20513e+08
8,2,32,0,0
12,14,32,520,6.15385e+08
12,14,32,1642,1.94884e+08
12,14,32,686,4.66472e+08
12,14,32,2377,1.34623e+08
12,14,32,4418,7.2431e+07
12,14,32,0,0
12,14,32,1248,2.5641e+08
12,14,32,745,4.2953e+08
12,14,32,886,3.61174e+08
12,14,32,0,0
9,7,32,450,7.11111e+08
9,7,32,720,4.44444e+08
9,7,32,670,4.77612e+08
9,7,32,3593,8.90621e+07
9,7,32,3395,9.42563e+07
9,7,32,0,0
9,7,32,1365,2.34432e+08
9,7,32,400,8e+08
9,7,32,580,5.51724e+08
9,7,32,0,0
7,3,32,440,7.27273e+08
7,3,32,726,4.40771e+08
7,3,32,460,6.95652e+08
7,3,32,2780,1.15108e+08
7,3,32,1520,2.10526e+08
7,3,32,0,0
7,3,32,840,3.80952e+08
7,3,32,0,0
7,3,32,490,6.53061e+08
7,3,32,0,0
11,6,32,390,8.20513e+08
11,6,32,1175,2.7234e+08
11,6,32,670,4.77612e+08
11,6,32,3400,9.41176e+07
11,6,32,4142,7.72574e+07
11,6,32,0,0
11,6,32,946,3.38266e+08
11,6,32,887,3.60767e+08
11,6,32,400,8e+08
11,6,32,0,0
16,4,32,540,5.92593e+08
16,4,32,680,4.70588e+08
16,4,32,560,5.71429e+08
16,4,32,5350,5.98131e+07
16,4,32,2924,1.09439e+08
16,4,32,0,0
16,4,32,705,4.53901e+08
16,4,32,0,0
16,4,32,770,4.15584e+08
16,4,32,0,0
15,10,32,430,7.44186e+08
15,10,32,1492,2.14477e+08
15,10,32,695,4.60432e+08
15,10,32,4351,7.35463e+07
15,10,32,5600,5.71429e+07
15,10,32,0,0
15,10,32,1126,2.84192e+08
15,10,32,590,5.42373e+08
15,10,32,720,4.44444e+08
15,10,32,0,0
14,3,32,0,0
14,3,32,440,7.27273e+08
14,3,32,840,3.80952e+08
14,3,32,3962,8.07673e+07
14,3,32,2810,1.13879e+08
14,3,32,0,0
14,3,32,1095,2.92237e+08
14,3,32,665,4.81203e+08
14,3,32,600,5.33333e+08
14,3,32,0,0
3,3,32,390,8.20513e+08
3,3,32,690,4.63768e+08
3,3,32,420,7.61905e+08
3,3,32,2248,1.42349e+08
3,3,32,920,3.47826e+08
3,3,32,0,0
3,3,32,580,5.51724e+08
3,3,32,0,0
3,3,32,420,7.61905e+08
3,3,32,0,0
13,15,32,480,6.66667e+08
13,15,32,1368,2.33918e+08
13,15,32,560,5.71429e+08
13,15,32,3260,9.81595e+07
13,15,32,5000,6.4e+07
13,15,32,0,0
13,15,32,2251,1.42159e+08
13,15,32,1778,1.79978e+08
13,15,32,756,4.2328e+08
13,15,32,0,0
3,4,32,430,7.44186e+08
3,4,32,835,3.83234e+08
3,4,32,0,0
3,4,32,2364,1.35364e+08
3,4,32,920,3.47826e+08
3,4,32,0,0
3,4,32,525,6.09524e+08
3,4,32,725,4.41379e+08
3,4,32,400,8e+08
3,4,32,0,0
12,10,32,580,5.51724e+08
12,10,32,530,6.03774e+08
12,10,32,480,6.66667e+08
12,10,32,2877,1.11227e+08
12,10,32,4631,6.90995e+07
12,10,32,0,0
12,10,32,1134,2.82187e+08
12,10,32,1170,2.73504e+08
12,10,32,390,8.20513e+08
12,10,32,0,0
12,10,32,520,6.15385e+08
12,10,32,1728,1.85185e+08
12,10,32,545,5.87156e+08
12,10,32,1243,2.57442e+08
12,10,32,4621,6.92491e+07
12,10,32,0,0
12,10,32,1311,2.44088e+08
12,10,32,0,0
12,10,32,1210,2.64463e+08
12,10,32,0,0
4,15,32,450,7.11111e+08
4,15,32,933,3.4298e+08
4,15,32,630,5.07937e+08
4,15,32,670,4.77612e+08
4,15,32,1460,2.19178e+08
4,15,32,0,0
4,15,32,1024,3.125e+08
4,15,32,1047,3.05635e+08
4,15,32,636,5.03145e+08
4,15,32,0,0
7,8,32,450,7.11111e+08
7,8,32,490,6.53061e+08
7,8,32,565,5.66372e+08
7,8,32,2622,1.22044e+08
7,8,32,2801,1.14245e+08
7,8,32,0,0
7,8,32,1236,2.589e+08
7,8,32,490,6.53061e+08
7,8,32,0,0
7,8,32,0,0
15,1,32,470,6.80851e+08
15,1,32,570,5.61404e+08
15,1,32,430,7.44186e+08
15,1,32,4134,7.74069e+07
15,1,32,2900,1.10345e+08
15,1,32,0,0
15,1,32,470,6.80851e+08
15,1,32,0,0
15,1,32,550,5.81818e+08
15,1,32,0,0
10,16,32,450,7.11111e+08
10,16,32,1170,2.73504e+08
10,16,32,636,5.03145e+08
10,16,32,1907,1.67803e+08
10,16,32,3960,8.08081e+07
10,16,32,0,0
10,16,32,2500,1.28e+08
10,16,32,1265,2.52964e+08
10,16,32,930,3.44086e+08
10,16,32,0,0
4,11,32,410,7.80488e+08
4,11,32,924,3.4632e+08
4,11,32,380,8.42105e+08
4,11,32,1737,1.84226e+08
4,11,32,1580,2.02532e+08
4,11,32,0,0
4,11,32,690,4.63768e+08
4,11,32,1427,2.24247e+08
4,11,32,0,0
4,11,32,0,0
12,10,32,390,8.20513e+08
12,10,32,1582,2.02276e+08
12,10,32,510,6.27451e+08
12,10,32,4166,7.68123e+07
12,10,32,4449,7.19263e+07
12,10,32,0,0
12,10,32,1932,1.65631e+08
12,10,32,1090,2.93578e+08
12,10,32,750,4.26667e+08
12,10,32,0,0
12,16,32,390,8.20513e+08
12,16,32,1273,2.51375e+08
12,16,32,680,4.70588e+08
12,16,32,3746,8.54245e+07
12,16,32,4543,7.0438e+07
12,16,32,0,0
12,16,32,1693,1.89014e+08
12,16,32,1233,2.5953e+08
12,16,32,755,4.23841e+08
12,16,32,0,0
2,11,32,400,8e+08
2,11,32,905,3.53591e+08
2,11,32,0,0
2,11,32,1283,2.49415e+08
2,11,32,1100,2.90909e+08
2,11,32,0,0
2,11,32,833,3.84154e+08
2,11,32,555,5.76577e+08
2,11,32,0,0
2,11,32,0,0
15,9,32,410,7.80488e+08
15,9,32,380,8.42105e+08
15,9,32,740,4.32432e+08
15,9,32,963,3.32295e+08
15,9,32,5612,5.70207e+07
15,9,32,0,0
15,9,32,1724,1.85615e+08
15,9,32,853,3.75147e+08
15,9,32,1046,3.05927e+08
15,9,32,0,0
7,14,32,510,6.27451e+08
7,14,32,1532,2.08877e+08
7,14,32,573,5.58464e+08
7,14,32,2702,1.18431e+08
7,14,32,3008,1.06383e+08
7,14,32,0,0
7,14,32,1136,2.8169e+08
7,14,32,1393,2.2972e+08
7,14,32,825,3.87879e+08
7,14,32,0,0
9,7,32,390,8.20513e+08
9,7,32,810,3.95062e+08
9,7,32,670,4.77612e+08
9,7,32,3205,9.9844e+07
9,7,32,3305,9.6823e+07
9,7,32,0,0
9,7,32,380,8.42105e+08
9,7,32,770,4.15584e+08
9,7,32,420,7.61905e+08
9,7,32,0,0
5,11,32,460,6.95652e+08
5,11,32,1455,2.19931e+08
5,11,32,540,5.92593e+08
5,11,32,1612,1.98511e+08
5,11,32,2135,1.49883e+08
5,11,32,0,0
5,11,32,1116,2.86738e+08
5,11,32,760,4.21053e+08
5,11,32,813,3.93604e+08
5,11,32,0,0
2,3,32,390,8.20513e+08
2,3,32,0,0
2,3,32,670,4.77612e+08
2,3,32,495,6.46465e+08
2,3,32,740,4.32432e+08
2,3,32,0,0
2,3,32,0,0
2,3,32,0,0
2,3,32,410,7.80488e+08
2,3,32,0,0
12,9,32,520,6.15385e+08
12,9,32,1742,1.83697e+08
12,9,32,675,4.74074e+08
12,9,32,1476,2.16802e+08
12,9,32,4665,6.85959e+07
12,9,32,0,0
12,9,32,580,5.51724e+08
12,9,32,800,4e+08
12,9,32,986,3.24544e+08
12,9,32,0,0
9,12,32,550,5.81818e+08
9,12,32,1935,1.65375e+08
9,12,32,720,4.44444e+08
9,12,32,3070,1.04235e+08
9,12,32,3417,9.36494e+07
9,12,32,0,0
9,12,32,1834,1.74482e+08
9,12,32,955,3.35079e+08
9,12,32,645,4.96124e+08
9,12,32,0,0
14,1,32,650,4.92308e+08
14,1,32,500,6.4e+08
14,1,32,0,0
14,1,32,2773,1.15398e+08
14,1,32,2409,1.32835e+08
14,1,32,0,0
14,1,32,540,5.92593e+08
14,1,32,0,0
14,1,32,610,5.2459e+08
14,1,32,0,0
16,7,32,480,6.66667e+08
16,7,32,1050,3.04762e+08
16,7,32,600,5.33333e+08
16,7,32,5302,6.03546e+07
16,7,32,5805,5.51249e+07
16,7,32,0,0
16,7,32,530,6.03774e+08
16,7,32,813,3.93604e+08
16,7,32,510,6.27451e+08
16,7,32,0,0
16,11,32,0,0
16,11,32,1174,2.72572e+08
16,11,32,885,3.61582e+08
16,11,32,4958,6.45422e+07
16,11,32,6105,5.24161e+07
16,11,32,0,0
16,11,32,1595,2.00627e+08
16,11,32,1083,2.95476e+08
16,11,32,792,4.0404e+08
16,11,32,0,0
8,11,32,430,7.44186e+08
8,11,32,820,3.90244e+08
8,11,32,410,7.80488e+08
8,11,32,2384,1.34228e+08
8,11,32,3068,1.04302e+08
8,11,32,0,0
8,11,32,998,3.20641e+08
8,11,32,1325,2.41509e+08
8,11,32,600,5.33333e+08
8,11,32,0,0
15,14,32,540,5.92593e+08
15,14,32,1637,1.9548e+08
15,14,32,635,5.03937e+08
15,14,32,1811,1.76698e+08
15,14,32,5304,6.03318e+07
15,14,32,0,0
15,14,32,1012,3.16206e+08
15,14,32,1745,1.83381e+08
15,14,32,1010,3.16832e+08
15,14,32,0,0
5,11,32,450,7.11111e+08
5,11,32,545,5.87156e+08
5,11,32,515,6.21359e+08
5,11,32,1974,1.62107e+08
5,11,32,2270,1.40969e+08
5,11,32,0,0
5,11,32,1161,2.75624e+08
5,11,32,1162,2.75387e+08
5,11,32,0,0
5,11,32,0,0
16,4,32,470,6.80851e+08
16,4,32,1002,3.19361e+08
16,4,32,550,5.81818e+08
16,4,32,3586,8.92359e+07
16,4,32,3028,1.0568e+08
16,4,32,0,0
16,4,32,540,5.92593e+08
16,4,32,0,0
16,4,32,690,4.63768e+08
16,4,32,0,0
11,9,32,390,8.20513e+08
11,9,32,1820,1.75824e+08
11,9,32,580,5.51724e+08
11,9,32,3735,8.5676e+07
11,9,32,4415,7.24802e+07
11,9,32,0,0
11,9,32,780,4.10256e+08
11,9,32,833,3.84154e+08
11,9,32,615,5.20325e+08
11,9,32,0,0
6,6,32,400,8e+08
6,6,32,480,6.66667e+08
6,6,32,595,5.37815e+08
6,6,32,1883,1.69942e+08
6,6,32,2441,1.31094e+08
6,6,32,0,0
6,6,32,430,7.44186e+08
6,6,32,600,5.33333e+08
6,6,32,610,5.2459e+08
6,6,32,0,0
8,9,32,480,6.66667e+08
8,9,32,420,7.61905e+08
8,9,32,520,6.15385e+08
8,9,32,400,8e+08
8,9,32,3093,1.03459e+08
8,9,32,0,0
8,9,32,1665,1.92192e+08
8,9,32,1120,2.85714e+08
8,9,32,510,6.27451e+08
8,9,32,0,0
5,3,32,470,6.80851e+08
5,3,32,440,7.27273e+08
5,3,32,625,5.12e+08
5,3,32,2092,1.52964e+08
5,3,32,1010,3.16832e+08
5,3,32,0,0
5,3,32,390,8.20513e+08
5,3,32,0,0
5,3,32,430,7.44186e+08
5,3,32,0,0
8,12,32,410,7.80488e+08
8,12,32,1158,2.76339e+08
8,12,32,510,6.27451e+08
8,12,32,2657,1.20437e+08
8,12,32,3370,9.49555e+07
8,12,32,0,0
8,12,32,790,4.05063e+08
8,12,32,1086,2.94659e+08
8,12,32,470,6.80851e+08
8,12,32,0,0
11,11,32,450,7.11111e+08
11,11,32,675,4.74074e+08
11,11,32,665,4.81203e+08
11,11,32,3289,9.7294e+07
11,11,32,4142,7.72574e+07
11,11,32,0,0
11,11,32,1152,2.77778e+08
11,11,32,793,4.03531e+08
11,11,32,1140,2.80702e+08
11,11,32,0,0
10,3,32,0,0
10,3,32,803,3.98506e+08
10,3,32,510,6.27451e+08
10,3,32,2470,1.29555e+08
10,3,32,2000,1.6e+08
10,3,32,0,0
10,3,32,560,5.71429e+08
10,3,32,665,4.81203e+08
10,3,32,410,7.80488e+08
10,3,32,0,0
4,13,32,400,8e+08
4,13,32,1140,2.80702e+08
4,13,32,485,6.59794e+08
4,13,32,930,3.44086e+08
4,13,32,1676,1.90931e+08
4,13,32,0,0
4,13,32,715,4.47552e+08
4,13,32,585,5.47009e+08
4,13,32,790,4.05063e+08
4,13,32,0,0
7,13,32,430,7.44186e+08
7,13,32,530,6.03774e+08
7,13,32,440,7.27273e+08
7,13,32,2480,1.29032e+08
7,13,32,2720,1.17647e+08
7,13,32,0,0
7,13,32,440,7.27273e+08
7,13,32,1275,2.5098e+08
7,13,32,510,6.27451e+08
7,13,32,0,0
5,9,32,430,7.44186e+08
5,9,32,680,4.70588e+08
5,9,32,520,6.15385e+08
5,9,32,1761,1.81715e+08
5,9,32,2180,1.46789e+08
5,9,32,0,0
5,9,32,1710,1.87135e+08
5,9,32,380,8.42105e+08
5,9,32,670,4.77612e+08
5,9,32,0,0
12,13,32,390,8.20513e+08
12,13,32,2287,1.39921e+08
12,13,32,515,6.21359e+08
12,13,32,2741,1.16746e+08
12,13,32,4305,7.43322e+07
12,13,32,0,0
12,13,32,816,3.92157e+08
12,13,32,995,3.21608e+08
12,13,32,883,3.62401e+08
12,13,32,0,0
15,8,32,430,7.44186e+08
15,8,32,1395,2.29391e+08
15,8,32,555,5.76577e+08
15,8,32,1478,2.16509e+08
15,8,32,5593,5.72144e+07
15,8,32,0,0
15,8,32,943,3.39343e+08
15,8,32,833,3.84154e+08
15,8,32,510,6.27451e+08
15,8,32,0,0
8,11,32,0,0
8,11,32,605,5.28926e+08
8,11,32,585,5.47009e+08
8,11,32,1497,2.13761e+08
8,11,32,3131,1.02204e+08
8,11,32,0,0
8,11,32,1152,2.77778e+08
8,11,32,1225,2.61224e+08
8,11,32,596,5.36913e+08
8,11,32,0,0
14,3,32,460,6.95652e+08
14,3,32,920,3.47826e+08
14,3,32,840,3.80952e+08
14,3,32,4785,6.68757e+07
14,3,32,2870,1.11498e+08
14,3,32,0,0
14,3,32,630,5.07937e+08
14,3,32,550,5.81818e+08
14,3,32,410,7.80488e+08
14,3,32,0,0
10,5,32,400,8e+08
10,5,32,625,5.12e+08
10,5,32,645,4.96124e+08
10,5,32,660,4.84848e+08
10,5,32,3904,8.19672e+07
10,5,32,0,0
10,5,32,982,3.25866e+08
10,5,32,675,4.74074e+08
10,5,32,580,5.51724e+08
10,5,32,0,0
4,10,32,0,0
4,10,32,827,3.86941e+08
4,10,32,440,7.27273e+08
4,10,32,1404,2.2792e+08
4,10,32,1280,2.5e+08
4,10,32,0,0
4,10,32,1250,2.56e+08
4,10,32,595,5.37815e+08
4,10,32,390,8.20513e+08
4,10,32,0,0
9,14,32,550,5.81818e+08
9,14,32,1650,1.93939e+08
9,14,32,565,5.66372e+08
9,14,32,1792,1.78571e+08
9,14,32,3642,8.78638e+07
9,14,32,0,0
9,14,32,1891,1.69223e+08
9,14,32,713,4.48808e+08
9,14,32,590,5.42373e+08
9,14,32,0,0
11,3,32,500,6.4e+08
11,3,32,560,5.71429e+08
11,3,32,520,6.15385e+08
11,3,32,2851,1.12241e+08
11,3,32,2288,1.3986e+08
11,3,32,0,0
11,3,32,520,6.15385e+08
11,3,32,540,5.92593e+08
11,3,32,490,6.53061e+08
11,3,32,0,0
4,3,32,400,8e+08
4,3,32,680,4.70588e+08
4,3,32,500,6.4e+08
4,3,32,1368,2.33918e+08
4,3,32,860,3.72093e+08
4,3,32,0,0
4,3,32,410,7.80488e+08
4,3,32,720,4.44444e+08
4,3,32,390,8.20513e+08
4,3,32,0,0
5,15,32,0,0
5,15,32,1503,2.12908e+08
5,15,32,410,7.80488e+08
5,15,32,1879,1.70303e+08
5,15,32,1955,1.63683e+08
5,15,32,0,0
5,15,32,1528,2.09424e+08
5,15,32,1381,2.31716e+08
5,15,32,570,5.61404e+08
5,15,32,0,0
16,12,32,620,5.16129e+08
16,12,32,1752,1.82648e+08
16,12,32,730,4.38356e+08
16,12,32,2320,1.37931e+08
16,12,32,6000,5.33333e+07
16,12,32,0,0
16,12,32,1308,2.44648e+08
16,12,32,650,4.92308e+08
16,12,32,400,8e+08
16,12,32,0,0
6,5,32,460,6.95652e+08
6,5,32,715,4.47552e+08
6,5,32,540,5.92593e+08
6,5,32,1477,2.16655e+08
6,5,32,2300,1.3913e+08
6,5,32,0,0
6,5,32,875,3.65714e+08
6,5,32,983,3.25534e+08
6,5,32,650,4.92308e+08
6,5,32,0,0
14,8,32,460,6.95652e+08
14,8,32,1092,2.9304e+08
14,8,32,505,6.33663e+08
14,8,32,4279,7.47838e+07
14,8,32,5309,6.0275e+07
14,8,32,0,0
14,8,32,1558,2.05392e+08
14,8,32,803,3.98506e+08
14,8,32,430,7.44186e+08
14,8,32,0,0
12,14,32,540,5.92593e+08
12,14,32,1847,1.73254e+08
12,14,32,600,5.33333e+08
12,14,32,1457,2.19629e+08
12,14,32,4480,7.14286e+07
12,14,32,0,0
12,14,32,1812,1.766e+08
12,14,32,1618,1.97775e+08
12,14,32,1070,2.99065e+08
12,14,32,0,0
14,14,32,410,7.80488e+08
14,14,32,1835,1.74387e+08
14,14,32,786,4.07125e+08
14,14,32,3603,8.88149e+07
14,14,32,5323,6.01165e+07
14,14,32,0,0
14,14,32,1470,2.17687e+08
14,14,32,893,3.58343e+08
14,14,32,696,4.5977e+08
14,14,32,0,0
11,8,32,530,6.03774e+08
11,8,32,1200,2.66667e+08
11,8,32,390,8.20513e+08
11,8,32,2564,1.24805e+08
11,8,32,4220,7.58294e+07
11,8,32,0,0
11,8,32,753,4.24967e+08
11,8,32,1102,2.90381e+08
11,8,32,590,5.42373e+08
11,8,32,0,0
14,1,32,550,5.81818e+08
14,1,32,570,5.61404e+08
14,1,32,450,7.11111e+08
14,1,32,3398,9.4173e+07
14,1,32,2720,1.17647e+08
14,1,32,0,0
14,1,32,390,8.20513e+08
14,1,32,0,0
14,1,32,510,6.27451e+08
14,1,32,0,0
16,13,32,550,5.81818e+08
16,13,32,575,5.56522e+08
16,13,32,905,3.53591e+08
16,13,32,5260,6.08365e+07
16,13,32,5960,5.36913e+07
16,13,32,0,0
16,13,32,850,3.76471e+08
16,13,32,0,0
16,13,32,705,4.53901e+08
16,13,32,0,0
9,13,32,430,7.44186e+08
9,13,32,1821,1.75728e+08
9,13,32,630,5.07937e+08
9,13,32,3187,1.00408e+08
9,13,32,3836,8.34202e+07
9,13,32,0,0
9,13,32,1771,1.80689e+08
9,13,32,1508,2.12202e+08
9,13,32,510,6.27451e+08
9,13,32,0,0
13,8,32,520,6.15385e+08
13,8,32,450,7.11111e+08
13,8,32,725,4.41379e+08
13,8,32,3382,9.46186e+07
13,8,32,4940,6.47773e+07
13,8,32,0,0
13,8,32,967,3.3092e+08
13,8,32,715,4.47552e+08
13,8,32,410,7.80488e+08
13,8,32,0,0
15,5,32,520,6.15385e+08
15,5,32,510,6.27451e+08
15,5,32,480,6.66667e+08
15,5,32,4039,7.92275e+07
15,5,32,5660,5.65371e+07
15,5,32,0,0
15,5,32,725,4.41379e+08
15,5,32,605,5.28926e+08
15,5,32,610,5.2459e+08
15,5,32,0,0
13,9,32,460,6.95652e+08
13,9,32,1200,2.66667e+08
13,9,32,785,4.07643e+08
13,9,32,0,0
13,9,32,5031,6.36056e+07
13,9,32,0,0
13,9,32,840,3.80952e+08
13,9,32,590,5.42373e+08
13,9,32,390,8.20513e+08
13,9,32,0,0
9,13,32,430,7.44186e+08
9,13,32,2222,1.44014e+08
9,13,32,643,4.97667e+08
9,13,32,2991,1.06988e+08
9,13,32,3164,1.01138e+08
9,13,32,0,0
9,13,32,0,0
9,13,32,823,3.88821e+08
9,13,32,505,6.33663e+08
9,13,32,0,0
12,12,32,500,6.4e+08
12,12,32,700,4.57143e+08
12,12,32,535,5.98131e+08
12,12,32,3628,8.82029e+07
12,12,32,4391,7.28763e+07
12,12,32,0,0
12,12,32,1737,1.84226e+08
12,12,32,1035,3.09179e+08
12,12,32,956,3.34728e+08
12,12,32,0,0
15,11,32,580,5.51724e+08
15,11,32,1916,1.67015e+08
15,11,32,600,5.33333e+08
15,11,32,2536,1.26183e+08
15,11,32,5857,5.46355e+07
15,11,32,0,0
15,11,32,1933,1.65546e+08
15,11,32,930,3.44086e+08
15,11,32,670,4.77612e+08
15,11,32,0,0
12,10,32,570,5.61404e+08
12,10,32,1301,2.45965e+08
12,10,32,706,4.53258e+08
12,10,32,4411,7.25459e+07
12,10,32,4606,6.94746e+07
12,10,32,0,0
12,10,32,890,3.59551e+08
12,10,32,972,3.29218e+08
12,10,32,650,4.92308e+08
12,10,32,0,0
13,5,32,550,5.81818e+08
13,5,32,0,0
13,5,32,490,6.53061e+08
13,5,32,2296,1.39373e+08
13,5,32,5310,6.02637e+07
13,5,32,0,0
13,5,32,665,4.81203e+08
13,5,32,680,4.70588e+08
13,5,32,410,7.80488e+08
13,5,32,0,0
3,9,32,0,0
3,9,32,730,4.38356e+08
3,9,32,470,6.80851e+08
3,9,32,1392,2.29885e+08
3,9,32,560,5.71429e+08
3,9,32,0,0
3,9,32,1635,1.95719e+08
3,9,32,1330,2.40602e+08
3,9,32,813,3.93604e+08
3,9,32,0,0
13,1,32,610,5.2459e+08
13,1,32,540,5.92593e+08
13,1,32,610,5.2459e+08
13,1,32,5450,5.87156e+07
13,1,32,2660,1.20301e+08
13,1,32,0,0
13,1,32,0,0
13,1,32,0,0
13,1,32,610,5.2459e+08
13,1,32,0,0
7,11,32,500,6.4e+08
7,11,32,800,4e+08
7,11,32,670,4.77612e+08
7,11,32,2748,1.16448e+08
7,11,32,2900,1.10345e+08
7,11,32,0,0
7,11,32,430,7.44186e+08
7,11,32,1157,2.76577e+08
7,11,32,833,3.84154e+08
7,11,32,0,0
8,7,32,0,0
8,7,32,1056,3.0303e+08
8,7,32,0,0
8,7,32,2980,1.07383e+08
8,7,32,2977,1.07491e+08
8,7,32,0,0
8,7,32,1461,2.19028e+08
8,7,32,980,3.26531e+08
8,7,32,685,4.67153e+08
8,7,32,0,0
14,6,32,540,5.92593e+08
14,6,32,570,5.61404e+08
14,6,32,805,3.97516e+08
14,6,32,4356,7.34619e+07
14,6,32,4745,6.74394e+07
14,6,32,0,0
14,6,32,950,3.36842e+08
14,6,32,700,4.57143e+08
14,6,32,770,4.15584e+08
14,6,32,0,0
12,2,32,510,6.27451e+08
12,2,32,635,5.03937e+08
12,2,32,400,8e+08
12,2,32,5323,6.01165e+07
12,2,32,2180,1.46789e+08
12,2,32,0,0
12,2,32,860,3.72093e+08
12,2,32,0,0
12,2,32,490,6.53061e+08
12,2,32,0,0
16,4,32,430,7.44186e+08
16,4,32,1005,3.18408e+08
16,4,32,945,3.38624e+08
16,4,32,4525,7.07182e+07
16,4,32,2977,1.07491e+08
16,4,32,0,0
16,4,32,400,8e+08
16,4,32,770,4.15584e+08
16,4,32,470,6.80851e+08
16,4,32,0,0
12,2,32,560,5.71429e+08
12,2,32,560,5.71429e+08
12,2,32,470,6.80851e+08
12,2,32,1720,1.86047e+08
12,2,32,2324,1.37694e+08
12,2,32,0,0
12,2,32,635,5.03937e+08
12,2,32,450,7.11111e+08
12,2,32,0,0
12,2,32,0,0
11,10,32,390,8.20513e+08
11,10,32,1595,2.00627e+08
11,10,32,390,8.20513e+08
11,10,32,1122,2.85205e+08
11,10,32,4185,7.64636e+07
11,10,32,0,0
11,10,32,0,0
11,10,32,820,3.90244e+08
11,10,32,805,3.97516e+08
11,10,32,0,0
12,13,32,390,8.20513e+08
12,13,32,1328,2.40964e+08
12,13,32,605,5.28926e+08
12,13,32,1022,3.13112e+08
12,13,32,4340,7.37327e+07
12,13,32,0,0
12,13,32,1241,2.57857e+08
12,13,32,1020,3.13725e+08
12,13,32,490,6.53061e+08
12,13,32,0,0
15,13,32,390,8.20513e+08
15,13,32,1708,1.87354e+08
15,13,32,795,4.02516e+08
15,13,32,4181,7.65367e+07
15,13,32,5600,5.71429e+07
15,13,32,0,0
15,13,32,1498,2.13618e+08
15,13,32,970,3.29897e+08
15,13,32,0,0
15,13,32,0,0
11,13,32,500,6.4e+08
11,13,32,0,0
11,13,32,570,5.61404e+08
11,13,32,3631,8.813e+07
11,13,32,4070,7.86241e+07
11,13,32,0,0
11,13,32,1873,1.70849e+08
11,13,32,1418,2.2567e+08
11,13,32,510,6.27451e+08
11,13,32,0,0
13,13,32,620,5.16129e+08
13,13,32,1726,1.854e+08
13,13,32,670,4.77612e+08
13,13,32,480,6.66667e+08
13,13,32,5420,5.90406e+07
13,13,32,0,0
13,13,32,1213,2.63809e+08
13,13,32,1537,2.08198e+08
13,13,32,0,0
13,13,32,0,0
2,3,32,0,0
2,3,32,0,0
2,3,32,0,0
2,3,32,525,6.09524e+08
2,3,32,560,5.71429e+08
2,3,32,0,0
2,3,32,390,8.20513e+08
2,3,32,0,0
2,3,32,410,7.80488e+08
2,3,32,0,0
14,16,32,570,5.61404e+08
14,16,32,2280,1.40351e+08
14,16,32,730,4.38356e+08
14,16,32,4445,7.1991e+07
14,16,32,5086,6.29178e+07
14,16,32,0,0
14,16,32,585,5.47009e+08
14,16,32,0,0
14,16,32,1035,3.09179e+08
14,16,32,0,0
9,13,32,430,7.44186e+08
9,13,32,1757,1.82129e+08
9,13,32,635,5.03937e+08
9,13,32,2800,1.14286e+08
9,13,32,3860,8.29016e+07
9,13,32,0,0
9,13,32,1542,2.07523e+08
9,13,32,825,3.87879e+08
9,13,32,490,6.53061e+08
9,13,32,0,0
16,9,32,460,6.95652e+08
16,9,32,1376,2.32558e+08
16,9,32,470,6.80851e+08
16,9,32,4351,7.35463e+07
16,9,32,6008,5.32623e+07
16,9,32,0,0
16,9,32,1332,2.4024e+08
16,9,32,840,3.80952e+08
16,9,32,0,0
16,9,32,0,0
5,6,32,460,6.95652e+08
5,6,32,400,8e+08
5,6,32,720,4.44444e+08
5,6,32,1843,1.7363e+08
5,6,32,2140,1.49533e+08
5,6,32,0,0
5,6,32,410,7.80488e+08
5,6,32,710,4.50704e+08
5,6,32,470,6.80851e+08
5,6,32,0,0
10,11,32,530,6.03774e+08
10,11,32,1296,2.46914e+08
10,11,32,475,6.73684e+08
10,11,32,3626,8.82515e+07
10,11,32,3958,8.08489e+07
10,11,32,0,0
10,11,32,1114,2.87253e+08
10,11,32,665,4.81203e+08
10,11,32,820,3.90244e+08
10,11,32,0,0
10,9,32,460,6.95652e+08
10,9,32,713,4.48808e+08
10,9,32,615,5.20325e+08
10,9,32,3639,8.79362e+07
10,9,32,3676,8.70511e+07
10,9,32,0,0
10,9,32,1562,2.04866e+08
10,9,32,0,0
10,9,32,510,6.27451e+08
10,9,32,0,0
11,8,32,530,6.03774e+08
11,8,32,997,3.20963e+08
11,8,32,730,4.38356e+08
11,8,32,3105,1.0306e+08
11,8,32,4124,7.75946e+07
11,8,32,0,0
11,8,32,1635,1.95719e+08
11,8,32,1142,2.8021e+08
11,8,32,490,6.53061e+08
11,8,32,0,0
10,2,32,520,6.15385e+08
10,2,32,540,5.92593e+08
10,2,32,500,6.4e+08
10,2,32,3556,8.99888e+07
10,2,32,1980,1.61616e+08
10,2,32,0,0
10,2,32,0,0
10,2,32,0,0
10,2,32,460,6.95652e+08
10,2,32,0,0
12,16,32,540,5.92593e+08
12,16,32,1898,1.68599e+08
12,16,32,590,5.42373e+08
12,16,32,0,0
12,16,32,4650,6.88172e+07
12,16,32,0,0
12,16,32,540,5.92593e+08
12,16,32,945,3.38624e+08
12,16,32,490,6.53061e+08
12,16,32,0,0
9,15,32,460,6.95652e+08
9,15,32,2382,1.34341e+08
9,15,32,555,5.76577e+08
9,15,32,3098,1.03292e+08
9,15,32,3644,8.78156e+07
9,15,32,0,0
9,15,32,807,3.9653e+08
9,15,32,695,4.60432e+08
9,15,32,550,5.81818e+08
9,15,32,0,0
9,15,32,0,0
9,15,32,1964,1.62933e+08
9,15,32,470,6.80851e+08
9,15,32,806,3.97022e+08
9,15,32,3344,9.56938e+07
9,15,32,0,0
9,15,32,635,5.03937e+08
9,15,32,713,4.48808e+08
9,15,32,590,5.42373e+08
9,15,32,0,0